Ron, Aaron
Abe, Nab, Abe, Abrm, Nab, Abel
Abe, Abiel
Abbie, Abby, Nabby, Abbie, Gail, Gayle, Gayel, Abigail
Ab, Abner
Abe, Abram, Abe, Abrm, Abner, Bram, Bramley, Nab, Abraham
Abe, Abram
Abe, Abrm, Absalom
Acer, Acera
Addy, Atty, Taddy, Adam
Addie, Addy, Adelaide
Heidi, Adelheid
Ada, Addy, Adeline
Ag, Aggy, Agnes, Aggie, Gatha, Haggy, Agatha
Aggie, Nancy, Nessie, Senga, Aggie, Agna, Annes, Annice, Annis, Nan, Nancy, Nanny, Nettie, Taggy, Agnes
Al, Alan
Ab, Al, Bertie, Al, Bert, Bertie, Albert
Elberta, Elbertine, Alberta
Tina, Zena, Albertina
Elberta, Elbertine, Albertine
Beto, Alberto
Al, Alec, Alex, Sandy, Xander, Alec, Alex, Alick, Ally, Andy, Andie, Sacha, Sandy, Alexander
Lexie, Alexandra
Eck, Alexanr
Alf, Fonzo, Alfons
Al, Alf, Al, Alf, Fred, Fredk, Alfred
Allie, Letty, Alice
Allie, Alison
Al, Allan
Al, Al, Allen
Myra, Almira
Louis, Alois
Vina, Alvina
Amy, Manda, Mandy, Mandy, Amanda
Amy, Millie, Amy, Emily, Emmy, Mele, Melia, Millie, Amelia
Amabel, Amy
Anty, Stacy, Stasi, Anastasia
Andrl, Andy, Andreas
Andy, Drew, Andy, Andie, Dand, Dandie, Drew, Andrew
Nye, Aneurin
Angie, Angie, Angela
Angie, Angeline
Gus, Angus
Nita, Anita
Annette, Annie, Nan, Nana, Nancy, Nina, Ann
Annette, Anni, Annie, Nancy, Anna
Anna, Hannah, Nan, Nancy, Nanny, Nina, Nita, Anne
Nettie, Nettie, Annette
Anni, Annika
Tony, Tony, Anty, Anthony
Toni, Tony, Anton
Tia, Toni, Antonia
Anton, Antonin
Appy, Apollonia
Quil, Quillie, Aquilla
Bella, Arabella
Archy, Archie, Baldie, Archibald
Telly, Aristotle
Arnie, Arny, Arnie, Arnold
Art, Artemis
Art, Arty, Art, Arthur
Sene, Senie, Asenath
Austina, Gussie, Augusta
Tina, Augustina
Gus, Gus, Augustus
Ora, Aurillia
April, Avril
Bab, Babs, Barb, Babette, Babs, Barbary, Barbara
Barney, Barnie, Barney, Barnabas
Bart, Bartl, Barty, Bart, Tolly, Bartholomew
Sheba, Bathsheba
Bea, Beat, Beattie, Bebe, Trixie, Bea, Beat, Bettrys, Trissie, Trixie, Beatrice
Trixie, Bea, Beat, Bettrys, Beatrix
Bea, Beatta
Biddy, Bedelia
Bella, Belinda
Ben, Ben, Benjn, Dixon, Benedict
Bennet, Bina, Benedicta
Ben, Ben, Benjn, Benjamin
Bern, Bernie, Bernard
Bern, Bunny, Bernice
Bert, Bertie, Bertram
Bev, Beverley
Bev, Beverly
Delia, Biddy, Bride, Bridie, Bridget
Rod, Broderick
Brook, Brooklyn
Burt, Burton
Cal, Cal, Caleb
Kissy, Calista
Cal, Calvin
Cam, Cammie, Camilla
Callie, Carrie, Carol, Carly, Carrie, Caryn, Lina, Caroline
Cassie, Casalena
Cassie, Cassie, Cassandra
Cathy, Caty, Kate, Kitty, Cathie, Catty, Kate, Katie, Catherine
Treena, Catriona
Cecily, Cissy, Sis, Sissy, Cissie, Cecilia
Syssely, Cecilia
Celia, Celestina
Charlie, Chuck, Charlie, Chuck, Chas, Charles
Lottie, Shirley, Carly, Lottie, Tottie, Charlotte
Cheri, Cheryl
Chet, Chester
Clo, Chloe
Chris, Chris, Xian, Xopher, Christian
Crissy, Tina, Xina, Ina, Teena, Tina, Christina
Chris, Crissy, Tina, Chris, Christine
Kit, Stophel, Chris, Xian, Xopher, Kit, Christopher
Cissie, Cicely
Cissy, Clarissa
Rita, Clarita
Cleat, Cleatus
Clem, Clemmie, Clemence
Clem, Clem, Clement
Tina, Clementina
Clem, Clem, Clemmie, Clementine
Cliff, Cliff, Clifford
Cliff, Clifton
Connie, Conrad
Connie, Connie, Constance
Delia, Cordelia
Cora, Ora, Corinne
Connie, Conny, Neely, Nell, Nelly, Nelie, Nell, Nellie, Cornelia
Cory, Neil, Cornelius
Corky, Courtney
Tia, Titia, Crescentia
Chris, Crystal
Bert, Bertie, Cuddie, Cuddy, Cuthbert
Cindy, Cyndi, Sife, Cynthia
Cy, Cyprian
Cy, Cyril
Cy, Si, Cy, Cyrus
Mara, Damaris
Dan, Danny, Dan, Danny, Danl, Donald, Daniel
Ellie, Danielle
Dave, Davy, Dai, Dave, Davie, Dewi, David
Ann, Dee, Deanne
Deb, Debby, Deb, Debby, Deborah
Debbie, Debra
Bert, Delbert
Della, Lila, Delilah
Dodie, Lola, Lola, Delores
Des, Desmond
Di, Didi, Du, Dina, Diana
Di, Didi, Du, Dina, Diane
Deedee, Diedre
Dierk, Diedrich
Nick, Dominic
Dom, Nick, Nichs, Dominick
Daniel, Don, Donnie, Dond, Donald
Donnette, Donnetta
Thea, Dorothea
Dolly, Dora, Dot, Dotty, Dolly, Dot, Dottie, Dora, Dory, Dorothy
Doug, Doug, Douglas
Della, Drucilla
Silla, Dru, Drusilla
Della, Druzilla
Dewey, Duane
Dulcie, Dulcibella
Ernie, Earnest
Erna, Ernie, Tina, Earnestine
Ben, Ben, Benjn, Benezer, Eben, Ebenezer
Traudl, Edeltraud
Ed, Ed, Eddie, Edgar
Dicey, Edie, Edie, Edith
Ed, Ned, Ted, Ed, Eddie, Edmd, Edmund
Ed, Ned, Neil, Tad, Ted, Teddy, Ed, Eddie, Edwd, Ned, Neddy, Ted, Teddy, Edward
Winn, Ed, Eddie, Edwin
Winnie, Edie, Edwina
Bert, Burt, Bert, Bertie, Egbert
Elaine, Ella, Ellen, Ellie, Elly, Helen, Lana, Lenora, Nell, Nelly, Noni, Nora, Ellen, Helen, Nell, Nellie, Nora, Norah, Eleanor
Lenore, Leonora, Eleanora
Freda, Elfreda
Eli, Eli, Elias
Eli, Eli, Elijah
Lisa, Elisa
Eli, Elisha
Bella, Bess, Bessie, Beth, Betsy, Betty, Dicey, Eliza, Elly, Elsie, Ibby, Libby, Lisl, Lissa, Lissi, Liz, Liza, Lizzie, Sissi, Tess, Bess, Bessie, Bet, Beth, Betty, Isobel and variants, Libby, Lisa, Liz, Liza, Lizzie or Lizzy, Tetty, Tibby, Titty, Elizabeth
Nell, Nell, Nellie, Ellen
Eli, Elliot
Mira, Elmira
Noni, Nora, Elnora
Manny, Manny, Emanuel
Emily, Millie, Emeline
Amelia, Emilia, Emile
Ellie, Emma, Erma, Amelia, Amy, Mele, Melia, Millie, Emily
Emily, Emmy, Emmeline
Eph, Eph, Ephraim
Rasmus, Elmo, Erasmus
Rick, Eric
Minnie, Trudy, Ermintrude
Ern, Ernt, Ernest
Stella, Estella
Stella, Stella, Estelle
Essie, Hester, Stella, Easter, Hester, Stella, Esther
Dora, Eudora
Gene, Gene, Eugene
Eugy, Eugenia
Gena, Genie, Ginnie, Ginny, Eugenie
Lulia, Eulalia
Nicie, Nicy, Unice, Uny, Una, Eunice
Effie, Effie, Eppie, Eph, Euphie, Phemie, Euphemia
Dicey, Eurydice
Stacia, Stacy, Eustacia
Ev, Van, Vangie, Eva, Eve, Evita, Evangeline
Evie, Eve or Eva
Eva, Eve, Evita, Eveline
Ev, Eve, Evie, Evelyn
Owen, Ewen
Zeke, Ezakiah
Zeke, Zeke, Ezekiel
Fay, Faith
Leno, Felipe
Ferdie, Fred, Ferdinand
Delia, Fidelia
Flo, Florrie, Flossie, Floy, Flora
Flo, Flora, Flossie, Flo, Florrie, Flossie, Floy, Florence
Lena, Lorene, Florina
Fan, Fanny, Fran, Frankie, Lina, Nancy, Sis, Fanny, Fran, Frannie, Frances
Frank, Frank, Frankie, Fras, Francis
Pacho, Paco, Pancho, Francisco
Ferry, Frank
Frank, Franklin
Ferry, Franzl, Franz
Frances, Franziska
Freda, Frederica
Derick, Fred, Freddie, Fritz, Rick, Derick, Erik, Fred, Fredk, Frederick
Fred, Fredrick
Gab, Gabe, Gabe, Gaby, Gabriel
Ella, Ellie, Gabi, Gabriella
Gabby, Gaby, Gabrielle
Vin, Galvin
Gary, Garret, Garth, Gareth
Rick, Garrick
Gennie, Jenny, Genevieve
Geoff, Geoff, Giff, Jeff, Geoffrey
Girgl, Schorsch, Georg
Dod, Doddy, Geo, George
Gerry, Jerry, Gerry, Gerald
Cherie, Geraldine
Gary, Garret, Garth, Gerry, Jarrett, Gerard
Gatty, Gertie, Trudi, Trudy, Gert, Gertie, Trudy, Gertrude
Jarvis, Gervase
Bertie, Gib, Gilbert
Jill, Gillian or Jillian
Beppe, Peppe, Giuseppe
Glen, Glenys
Gorry, Godfrey
Gord, Gordon
Fred, Gottfried
Greg, Greg, Gregory
Zelda, Grizell
Wilhemine, Guilelminus
William, Guilelmus
Gus, Gustaf
Gus, Gus, Gustav
Guido, Wido, Guy
Wendy, Gwendolen
Gwen, Gwendolyn
Genny, Gwenevere
Bert, Bertie, Hab, Halbert
Ham, Hamilton
Hank, Hankin
Ann, Anna, Anne, Anner, Annie, Nan, Nana, Hannah
Hansl, Hans
Harley, Harlan
Harry, Hal, Harry, Harold
Harry, Hattie, Arty, Etta, Ettie, Harriet
Harty, Hattie, Harriett
Heck, Hector
Heiner, Heinz, Heinrich
Nell, Nellie, Nelly, Ellen, Nell, Nellie, Helen
Eloise, Heloise
Hettie, Netty, Detta, Etta, Ettie, Hettie, Hetty, Henrietta
Hal, Hank, Harry, Hal, Hank, Harry, Henery, Henrie, Hy, Hy, Hy, Henry
Effie, Eppie, Hephzibah
Ibe, Hepzibah
Bert, Bertie, Hab, Herbert
Minnie, Hermione
Easter, Esther, Ester, Hettie, Hetty, Stella, Hester
Hez, Hezekiah
Hilda, Hildegarde
Nora, Honora
Nora, Norah, Honour
Harry, Horace
Bert, Bertie, Hubert
Dump, Numps, Humphrey
Dolly, Idalia
Nacho, Ignacio
Iggy, Ignatius
Nazi, Ignazius
Manny, Immanuel
Agnes, Inez
Noni, Ione
Ike, Ira
Rena, Rene, Rene, Irene
Zac, Zak, Ike, Zac, Zach, Zack, Isaac
Bella, Bella, Belle, Isabel
Bell, Isabell
Bell, Bella, Issy, Sibella, Tibbie, Isabella
Dora, Issy, Dora, Dory, Isadora
Izzy, Isadore
Isott, Izet etc, Iseault, Isolda
Elizabeth, Ishbel
Ibb, Nibb, Isobel
Elizabeth, Isobel, Izzie, Izzy, Issy, Isy, Isabel, Isobell
Ella, Isobella and variants
Bella, Belle, Isobelle
Jabe, Jabez
Bud, Jack
Jack, Jackson
Jake, Jake, Jacob
Jackie, Jacqueline
Jakl, Jakob
Jamie, Jim, Jimmy, Jamie, Jim, Jas, James
Janet, Jen, Jennie, Jenny, Joan, Jane
Jane, Janeta, Janett, Janis, Janot, Nettie, Nita, Janet
Gerard, Jarrett
Gervase, Jarvis
Joshua, Jasper
Nettie, Nettie, Jeanette
Jed, Jedediah
Ged, Jed, Jedidiah
Jeff, Geoff, Giff, Jeff, Jeffrey
Mima, Jemima
Jan, Jenny, Jennifer
Jeremy, Jerry, Jerry, Jerh, Jeremiah
Jerry, Jery, Jeremy
Jerry, Jerold
Jerry, Jere, Jerome
Gervase, Jarvis, Jervise
Jane, Jug, Joan
Jo, Jane, Joan, Joanna
Nan, Jo, Joanne
Hans, Johan
Hans, Johann
Hanna, Jane, Joan, Johanna
Hans, Johannes
Jack, Johnny, Jack, Jno, Jock, John
Jon, Jon, Jonn, Jonathan
Beppo, Jos, Sepp, Seppl, Yost, Josef
Beppl, Pepa, Josefa
Fini, Josefine
Guiseppe, Joe, Joey, Sepp, Joe, Joey, Josh, Josh, Sepp, Joseph
Fina, Josie, Jo, Josie, Josephine
Josh, Josh, Joshua
Joe, Joey, Josh, Josh, Si, Sy, Josiah
Pepe, José
Joy, Joyce
Nita, Juanita
Judy, Judy, Judith
Jill, Julia
Tina, Justina
Kata, Kati, Katarina
Trina, Katherina
Kathy, Katie, Kate, Katie, Kit, Kitty, Katherine
Kathy, Kathlene
Kay, Kathryn
Katie, Katja
Ken, Kenny, Ken, Kenneth
Corah, Kerenhappuch
Care-happy, Caryn, Kerah, Keren, Kerrie, Kerrenhappuch
Kizzie, Keziah
Tia, Titia, Laetitia
Fate, Lafe, Lafayette
Bert, Bertie, Lambert
Dicey, Laodicea
Laura, Laurel
Larry, Laurence
Laura, Lauretta
Laura, Laurinda
Vina, Lavina
Vina, Lavinia
Larry, Lawrey, Larry, Lawrence
Lance, LeRoy
Lem, Lemuel
Len, Lenny, Leo, Leon, Len, Leonard
Nora, Norah, Leonora
Leo, Leopold
Roy, Leroy
Les, Les, Leslie
Lettie, Tish, Teesha, Tish, Letitia
Letty, Lettice
Lew, Lew, Lou, Lewis
Lil, Lillian
Lil, Lily
Etta, Lora, Loretta
Lorrie, Lorraine
Lou, Louie, Lew, Lou, Louis
Lou, Lulu, Lucy, Louisa
Lou, Lou, Lulu, Louise
Lucy, Lucy, Lucille
Cindy, Lucy, Cindy, Lucy, Lucinda
Creasey, Lucretia
Ella, Ellie, Lula, Luella
Luke, Lukas
Liddie, Lilly, Liddy, Lydia
Belle, Amabel, Mab, Mabel
Maddie, Maddy, Alena, Madeline
Alena, Magdalen
Lena, Molly, Magdalena
Maud, Maude, Magdalene
Mac, Malcolm
Manny, Manuel
Marce, Marcella
Marcy, Marcia
Daisy, Dolly, Fern, Gretl, Madge, Maggie, Maggy, Mame, Mamie, Marge, Margie, May, Meg, Midge, Peg, Peggy, Rita, Daisy, Greta, Kit, Kitty, Madge, Maggie, Maisie, Marge, Meg, Meggie, Meggy, Mitzi, Mog, Moggy, Peg, Peggy, Rita, Margaret
Meta, Margareta
Rita, Margarita
Marge, Margery
Daisy, Greta, Marguerite
Mare, Maria
Marge, Margie, Marjorie
Marge, Marjory
Duke, Marmaduke
Dolly, Marty, Moll, Molly, Pat, Patsy, Patty, Matthew, Mattie, Matty, Patsy, Patty, Martha
Tina, Martina
Marty, Martine
Marv, Marvin
Babe, Mame, Mamie, Mimi, Moll, Molly, Polly, Mamie, Mariet, Marriete, Molly, Mary
Marion, Polly, Mary Ann
Mat, Matt, Mathew
Maud, Maude, Pat, Patsy, Patty, Tilda, Tilly, Mattie, Matty, Maud, Patty, Tilda, Tilly, Matilda
Matt, Matthew
Hias, Hiasl, Matt, Si, Matthias
Maudie, Maud
Moe, Maureen
Maury, Morie, Maurice
Max, Max, Maximilian
Max, Max, Maxwell
Maisie, May
Hettie, Hetty, Mehetabel
Mabel, Mehitable
Hettie, Hetty, Mehittabel
Mel, Melanie
Linda, Mel, Minnie, Melinda
Missy, Melissa
Mel, Melvin
Merv, Mervin
Michl, Mick, Mickey, Mike, Mischa, Mickey, Mike, Miles, Michl, Michael
Millie, Mele, Melia, Millie, Mildred
Milly, Mele, Melia, Millie, Millicent
Milt, Milton
Mini, Minnie, Minerva
Bella, Mira, Mirabel
Randy, Miranda
Mitch, Mitchell
Moni, Monica
Monty, Montague
Morey, Morie, Morris
Mort, Morty, Mortimer
Mort, Morty, Morton
Mur, Muriel
Nadia, Nadine
Agnes, Nan, Nana, Nannie, Nanny, Nancy
Natty, Natalie
Nate, Nat, Nate, Nathl, Nathan
Nate, Nat, Nate, Nathl, Nathaniel
Claus, Klaus, Nick, Colin, Nick, Nichs, Nicholas
Nikki, Nicole
Noni, Nora
Rita, Norita
Norm, Norm, Norman
Ned, Norton
Obed, Obediah
Biddy, Obedience
Ollie, Noll, Oliver
Livie, Olivia
Phelia, Orphelia
Bert, Bertie, Oz, Ozzie, Osbert
Oz, Ozzie, Oscar
Oz, Ozzie, Osmund
Oz, Ozzie, Waldo, Oswald
Tilly, Otilia
Ewen, Owen
Pam, Pam, Pamela
Pat, Patsy, Patty, Pat, Patsy, Patricia
Paddy, Pat, Rick, Paddy, Pat, Patrick
Pablo, Paul
Polly, Paula
Lena, Paula, Paulina
Lena, Paula, Pauline
Penny, Penny, Penelope
Percy, Perce, Percy, Percival
Perry, Peregrine
Pete, Perrin, Pete, Peter
Pete, Petr
Delphi, Philly, Philadelphia
Phil, Phil, Phippin, Pip, Philip
Pip, Pippa, Philippa
Mena, Philomena
Minnie, Philomina
Minnie, Philomine
Phyl, Philly, Phyllis
Prissy, Silla, Cilla, Prisca, Prissie, Prissy, Priscilla
Prudy, Pru, Prudy, Prue, Prudence
Pru, Prudy, Prue, Prunella
Rae, Ray, Rachel
Rafe, Ralf, Rauf, Rolf, Ralph
Mona, Ramona
Ran, Randy, Randall
Randy, Randell
Randy, Randy, Randolph
Pug, Ray, Ray, Raymond
Becky, Reba, Becky, Reba, Rebecca
Gina, Regina
Reg, Reggie, Ron, Reg, Reggie, Rex, Reginald
Natty, Renate
Rube, Reuben
Rowena, Rhoana
Rodie, Rhoda
Dick, Rich, Richie, Rick, Dick, Ricd, Hick, Hitch, Rich, Rick, Rd, Ricd, Richard
Bob, Bobbie, Rob, Bob, Robt, Dobb, Hab, Hobb, Hop, Hopkin, Nobb, Rab, Rabbie, Rob, Robin, Robt, Robert
Bobby, Roberta
Rick, Rod, Rod, Rory, Roderick
Rod, Rod, Rodney
Rod, Rodrigo
Dodge, Hodge, Roger
Rolley, Roland
Ron, Ronny, Ron, Ronnie, Ronald
Rosie, Rosa
Rosie, Rosalind
Ros, Rosanne
Rosie, Rosie, Rose
Rosie, Rosie, Rosemary
Rosie, Rosetta
Rosie, Roshanna
Rosie, Rosimund
Rosa, Rosie, Rosina
Rosie, Roslyn
Rona, Rowena
Rolley, Rowland
Roxy, Roxanne
Rudi, Rudolf
Rudy, Rudy, Rudolph
Russ, Russ, Rusty, Russell
Rue, Ruthie, Ruth
Bina, Sabina
Sadie, Sally
Sally, Salome
Mandy, Manthy, Sam, Samantha
Sam, Sammy, Saml, Samson
Sam, Sam, Sammy, Saml, Samuel
Sandy, Sandra
Sadie, Sal, Sally, Sattie, Sena, Sena, Susan, Sadie, Sairey, Sally, Sarah
Bass, Bastl, Seby, Seb, Sebastian
Sherm, Sherman
Sibyl, Sibella
Sid, Sid, Syd, Sidney
Si, Silas
Silvie, Silvia
Sim, Sym, Simon
Sol, Solly, Solomon
Stan, Stanislas
Stan, Stanley
Stan, Stanly
Steff, Steffl, Stefan
Star, Stella
Teena, Stephanie
Steven, Steve, Stephen
Steve, Steve, Steven
Stew, Stew, Stu, Stewart
Stew, Stu, Stuart
Sarah, Sue, Susie, Suzy, Sue, Sukie, Susie, Susan
Ann, Anna, Anne, Annie, Susan, Susanna
Sue, Sukie, Susie, Susannah
Sukey, Suzanna
Sue, Susie, Suzy, Suzanne
Belle, Sybil
Sibyl, Sybilla
Sid, Syd, Sydney
Sim, Sym, Symeon
Cissie, Syssely, Sister
Beithy, Tabby, Tabitha
Tempie, Temperance
Tennie, Tennessee
Terry, Terence
Terrie, Terry, Teresa
Tad, Thad, Thadeus
Theo, Theobald
Dora, Dory, Theodora
Ted, Teddy, Theo, Ted, Teddy, Theo, Theodore
Phil, Theophilus
Terry, Terza, Tess, Tracy, Terrie, Terry, Tess, Tessie, Theresa
Damerl, Tom, Tom, Tommy, Thos, Thomas
Tamsin, Thomasin
Tamsin, Thomasina
Macey, Thomasine
Tim, Timmy, Tim, Timmy, Timothy
Tobi, Tobiah
Tobi, Toby, Toby, Tobias
Triffie, Tryphena
Triffie, Tryphosa
Oona, Una
Ursie, Ursl, Ursy, Uschi, Ulla, Ursula
Tina, Valentina
Felty, Val, Valentine
Val, Valerie
Nessa, Vanessa
Vern, Vernon
Fanny, Ronnie, Vernie, Nika, Veronica
Vroni, Veronika
Vic, Vic, Victor
Vicki, Vicky, Queenie, Vicky, Victoria
Vin, Vinny, Vince, Vincent
Vi, Vi, Viola
Vi, Vi, Violet
Virg, Virgil
Gina, Jane, Jennie, Virgie, Gina, Ginnie, Ginny, Virginia
Viv, Vib, Vivian
Viv, Vivienne
Wally, Wally, Wallace
Wally, Walt, Wally, Walt, Wat, Walter
Web, Webster
Wes, Wes, Wesley
Will, Willie, Wilkin, Wm, Willm, Wilbur
Wilf, Wilfred
Mimi, Mina, Willie, Billie, Minnie, Velma, Wilhelmina
Bill, Liam, Will, Willy, Bill, Billie, Wm, Will, Willie, Wilkin, Wm, Willm, William
Jennifer, Winnie, Freda, Winnie, Wyn, Winifred
Woody, Woodrow
Ferry, Xaver
Vonnie, Yve, Yvonne
Zach, Zac, Zach, Zack, Zachh, Zachs, Zachariah
Zac, Zach, Zack, Zachh, Zachs, Zacharias
Zach, Zac, Zach, Zack, Zachary
Zeb, Zebedee
Zeb, Zebediah
Zeb, Zeb, Zebulon
Zed, Zedekiah
Zeph, Zephaniah
Cilla, Zillah
Doc, Doctor